date,id,content,username,like,retweet,sentiment
2023-05-18 23:59:00+00:00,1659347890626768897,"Manajer Thailand Mundur Buntut Kerusuhan dengan Indonesia di Final SEA Games 2023
https://t.co/ZDr6yVmycX",MediaKomando,17,15,Neutral
2023-05-18 23:58:50+00:00,1659347846230069249,"@aaaaadjiiiii @simethidrink @idextratime Kan lu yg bandingin arak2an badminton jg dlu ada 

Sedangkan
Arak2an bola setelah emas Sea Games (ASEAN) 
Arak2an badminton setelah emas Olimpiade (Dunia) 

Dan perihal logo garuda, emg bener logo Garuda Indonesia 

Yg salah, komen dia kl PSSI sewa pesawat dibantu pemerintah",j_arga2,0,0,Negative
2023-05-18 23:58:34+00:00,1659347781130280961,Suar dan Yel-Yel Sambut Bus Timnas Indonesia U-22 di Jakarta usai Rebut Emas Sepak Bola SEA Games 2023 https://t.co/PvAMBg56SB,liputan6dotcom,1,0,Positive
2023-05-18 23:57:03+00:00,1659347396978151424,"Katanya bakal ada arakÂ²an yg dapat emas sea games dari kemenpora, trus sepakbolanya bakal gabung sama yg lain gak ya? Atau bikin rute sendiri? ğŸ˜…âœŒï¸",Mariayeyooo,0,0,Positive
2023-05-18 23:56:17+00:00,1659347204015026176,"Dengan menangnya Timnas U-22 di SEA Games, apakah PSSI akan fokus ke Timnas Putri dan Liga Putri juga? Duitnya kayaknya bakal lebih ngalir, nih.",aggidilimanto,0,0,Positive
2023-05-18 23:56:09+00:00,1659347171123302400,"Hari gini masih aje banggain seagames, kompetisi paling ga jelas yang aturannya bisa diubah seenak tuan rumah ğŸ˜­",noctuvrne,0,0,Negative
2023-05-18 23:56:06+00:00,1659347157395333122,Timnas U-22 Indonesia yang Raih Medali Emas SEA Games 2023 Disambut Meriah di Tanah Air #TempoVideo https://t.co/5FXTpNG2i6,tempodotco,3,0,Neutral
2023-05-18 23:55:27+00:00,1659346995625222144,"@ardynshufi Om bukannya pemain2 muda ini seharusnya main di Sea Games, tapi karena generasi tuanya dipotong STY, maka pemain2 muda ini ""kecepetan"" masuk ke level senior ya?",andikasulaksana,0,0,Positive
2023-05-18 23:55:09+00:00,1659346921461538817,emas seagames udah kaya juara piala dunia aja diarak. abis ini pemainnya pada melempem dah pasti kena star syndrom,izgone48,0,0,Neutral
2023-05-18 23:54:15+00:00,1659346694012817408,"Emm untuk olahraga dgn asas fair play, ini agak ga fair ya. Klo mau diarak harusnya semua yg dpt emas diarak.
Voli tuh kayaknya bisa emas terus dari SEA Games tahun kapan. Badminton dapat emas dari 5 nomer pertandingan. Weighlifting byk rekor pecah. Why cuma sepakbola yg diarak?",Mariayeyooo,0,0,Positive
2023-05-18 23:53:38+00:00,1659346537217142784,"@erickthohir untuk AFC U23 agenda terbesar setelah SEA GAMES Pak dan AFC U23 syarat untuk lolos Olimpiade U24 paris. Benar2 harus dipersiapkan yang sangat matang, sedikit waktu istirahat pak setelah juara SEA GAMES U22. Terima kasih",Aang_2111,0,0,Negative
2023-05-18 23:52:49+00:00,1659346332488744964,"SEA Games yang Kian Melenceng dari Semangat Awalnya  #SEAGames2023 #AdadiKompas

https://t.co/dne8VNt6Rt",hariankompas,1,0,Positive
2023-05-18 23:52:29+00:00,1659346249538244608,"@ardynshufi Sea games sblmnya mark klok juga turun ""level"" apa abang juga buatin thread begini juga?? Kalo ngga jatuhnya ini sentimentil sih, Hal yg minor Kaya selebrasi ajah sampe dihighlightğŸ˜‚
Sebenernya pemain yg selevel sm yg katanya ""pemain sty"" juga byk kok, cuma ga dipanggil ajah",ReignsSaif,8,0,Positive
2023-05-18 23:52:12+00:00,1659346179409477633,"@hannagyeongs Acara multi event yg butuh cabor sepakbola, bukan sebaliknya.
Dari sisi nilai bisnis piala dunia &gt; olimpiade, piala asia &gt; asian games, piala aff &gt; sea games",aden87,0,0,Neutral
2023-05-18 23:51:55+00:00,1659346104994119681,info bolos kerja buat ikut arak2an atlet seagames lur,_maruboru,0,0,Neutral
2023-05-18 23:51:07+00:00,1659345903659126784,Manajer Thailand Mundur Buntut Kerusuhan dengan Indonesia di Final SEA Games 2023 https://t.co/OrK7ULc1Gu,Newstagar,0,0,Neutral
2023-05-18 23:51:06+00:00,1659345900890918914,"Tim basket putri yg baru menang sea games pertama kali dalam sejarah nggak di arak gini juga?

Why di negara +62 cuma cabor ini yg diperlakukan istimewa",byuuchaan,0,0,Positive
2023-05-18 23:51:01+00:00,1659345880615653376,"@ardynshufi @id_fm Thread bagus Mas, saya setuju. Kita senang timnas Indonesia dapet emas sea games, tapi ga perlu meledek lawan dan euforia berlebihan. Selebrasi sewajarnya saja, dan move on kejar ketertinggalan dari vietnam dan thailand.",false10s,1,0,Positive
2023-05-18 23:50:08+00:00,1659345659177365504,"@angin_palsu Ini namanya Star Syndrome. Lupa kalau Sea Games itu ajang multievent (multi cabang) yg BUKAN khusus sepakbola aja tapi ada 30 cabang lain yg juga dapat EMAS.
Bangga boleh tapi jangan sampai MERENDAHKAN cabang olahraga lain yg bahkan JAUH LEBIH BERPRESRASI. ELEGANLAH BUNG!",NelsonSJ9,9,0,Positive
2023-05-18 23:48:43+00:00,1659345301323534337,"Apresiasi kepada Ketum PSSI Erick Thohir yang telah mengangkat moral dan mental pemain Timnas U-22 hingga sukses meraih medali emas Sea Games 2023.
@erickthohir 
#TimnasDapatEmas https://t.co/DVK3GjeQbK",kirarachelsea,39,30,Positive
2023-05-18 23:48:28+00:00,1659345237461053440,"Selamat Untuk Timnas U-22 atas pencapaiannya berhasil meraih Medali Emas pada kejuaraan Sea Games Kamboja 2023.
.
.
@polisi_indonesia 
@bidhumaspoldasulteng 
@divisihumaspolri 
#kapolresdonggala
#akbpefossatriawisnuwardhana
#polisiindonesia 
#polripresisi 
#congratulations https://t.co/hlT0XigjYm",PolresDonggala,1,0,Positive
2023-05-18 23:48:15+00:00,1659345184516358146,Saking senengnya orang Indo bal2 an sampai lali kalau ini adalah satu dari 80 emas yang dicapai Indonesia di Sea Games. Arak juga dong peraih emas yang lain. Jangan mek sepakbola tok.,VictorPudjianto,1,0,Positive
2023-05-18 23:47:21+00:00,1659344958749569025,"@polorossi82 @UpdateBolabola faktanya iya tapi disisi lain malah bagus biar bisa memperkenalkan olahraga yang ga terlalu familiar dikalangan masyarakat apalagi cabor e-sport yg generasi tua suka ngeremehin jenis olahraga ini tapi bisa dapet mendali seagames juga wkwk

jadi manfaatin aja momennya",man_tolimits,0,0,Positive
2023-05-18 23:47:20+00:00,1659344953015939072,"@stefanyvonne Tapi katanya atlet seagames yg d arak, bukan bola doang",huruharaREBON,0,0,Neutral
2023-05-18 23:42:58+00:00,1659343854448050176,"@whydiwowo @ainurohman Sepakbola mah lain saya kira, lihat saja kemarin yg nonton bareng. Hampir di seluruh nusantara, wajar diperlakukan khusus. Gak usah dibandingkan, walaupun hanya juara se kelas Sea Games.",Darkjus1972,1,0,Negative
2023-05-18 23:41:49+00:00,1659343563816341505,"@cookiescreamnya @angin_palsu @humannnnnnn____ Barca juara liga domestik juga diarak di kotanya, sama sprti di kita, atau negara2 Eropa lainnya. Biasa saja, soal popularitas. Cabor lain ga perlu ngiri. Ini sudah level SEA Games setelah 32 tahun,  euforianya bertambah, biasa saja.",SoniaSanggita,0,0,Negative
2023-05-18 23:39:16+00:00,1659342921655812098,"@ardynshufi Heran kenapa ada org indonesia yg suka nyari celah kesalahan sesama org indo lg?
Kalo emg kelompok umurnya turun level pun yasudah. Toh timnas senior kita agendanya apa sih? Itung2 â€œplay gigsâ€ jg anak muda di timnas senior
Thread ini sangat disrespect perjuangan seagames kita si",AntoniSatir,0,0,Positive
2023-05-18 23:38:52+00:00,1659342821118312448,AKHIR 32 TAHUN PENANTIAN EMAS SEPAKBOLA SEA GAMES https://t.co/wOn7zH0vsw via @YouTube,Ockysaputraa,0,0,Neutral
2023-05-18 23:37:29+00:00,1659342474077425664,"@alan_dofa @repooy @HadiGunawan1306 Iya justru itu, pemain thailand vietnam di sea games kemarin ga bnyk yg main reguler di klub liga mereka, blm py menit bermain yg bnyk ky pemain"" Indonesia di sea games skrg. Coba bandingin sm timsenior yg udah sama"" main reguler diliga, diobok"" kan sm Thailand vietnam",rip_aaaa,1,0,Positive
2023-05-18 23:37:28+00:00,1659342470298349569,@willgaomybf @angin_palsu @humannnnnnn____ Itupun sekelas sea games yg notabene kelompok umur nah AFF yg notabene senior alias main squad ny gimana,KRathalos97,0,0,Neutral
2023-05-18 23:36:07+00:00,1659342128571650049,yung mga pinoy daw sa sea games kala mo nasa intrams langğŸ˜­ HAHHAHAHHAHAHAHAHHA ANG LILIKOT SAYAWAN NANG SAYAWAN,strawberryleii,0,0,Neutral
2023-05-18 23:36:02+00:00,1659342108552204288,"Arak-arakan Timnas U22 Indonesia Usai Juara SEA Games 2023: Jadwal, Rute, dan Titik Finis https://t.co/RbZArJDuc7",KompasBola,2,1,Neutral
2023-05-18 23:35:39+00:00,1659342012540133376,"Raih Medali Emas SEA Games 2023, Presiden Jokowi akan Berikan Hadiah Spesial bagi Timnas Indonesia U-22
https://t.co/XcWVjyAXJy",MediaKomando,16,14,Positive
2023-05-18 23:35:25+00:00,1659341955590139904,"Media Malaysia Sebut Timnas Indonesia U-22 Raih Medali Emas Sepakbola SEA Games 2023 Gara-Gara Thailand dan Vietnam Turunkan Skuad Pelapis! .

 #Okezone #Bola #SepakBola #SepakbolaDunia #BolaDunia . https://t.co/UvqDGbl9pl",okezonenews,1,0,Positive
2023-05-18 23:35:21+00:00,1659341937642708992,"@nananetcitizen Temen2 badminton gak perlu iri hati soal arak2an masa pengen prestasi nya 32 tahun sekali juara. Ini kejadian yang amat langka timnas juara seagames, ya mirip2 liverpool juara EPL lah",muhamad_perdana,2,0,Positive
2023-05-18 23:34:40+00:00,1659341766162800645,Hadiah Spesial Persis Solo Untuk Irfan Jauhari Usai Antar Timnas U-22 Indonesia Raih Emas di SEA Games 2023 By BolaSport â€“ https://t.co/oRbKiBeaZs â€“ #Arenanews https://t.co/b2gn9R8rSI,kopihpbi,0,0,Positive
2023-05-18 23:34:18+00:00,1659341674643087360,"@sausbordelaise @stefanyvonne Iya bener. Turnamen badminton setahun banyak banget. Beda dengan bola yg jarang ada turnamen timnasnya. Sea Games aja 2 tahun sekali. Apalagi Asian Cup dan World Cup 4 tahun sekali. Semoga Sudirman Cup juara, lama juga gak juara kan udah 34 tahun. Klo juara juga harus diarakğŸ‘ğŸ‘",mas_ich,1,0,Positive
2023-05-18 23:33:10+00:00,1659341388776116226,"@asrudin_02 @angin_palsu @humannnnnnn____ Inget aja gara2 sepakbola kita ngirim atlet ke sea games makin kesini makin sedikit aja krn banyak dana yg dimaruk kesono

Untung tuh sepakbola menang kmren cb klo kalah",KRathalos97,0,0,Positive
2023-05-18 23:32:52+00:00,1659341310325837824,Penasaran? Sosok Wanita Cantik Pembawa Nampan Medali Emas Timnas Indonesia di SEA Games 2023 https://t.co/SQ7uUxbUHv,langkatodaycom,0,0,Positive
2023-05-18 23:30:50+00:00,1659340801628065793,"@Paltiwest @AstutikBertha setuju! kalo mau tes timnas ini sustainable ato tidak, kita liat kemampuan &amp; prestasi mrk di piala AFF. emas SEA games kemarin agak2 gimanaaa gitu. vietnam, &amp; thailand tdk biasanya bermain se dodol kemarin. ğŸ˜œ https://t.co/x1uktg7ryw",7eliazaar,0,0,Negative
2023-05-18 23:30:11+00:00,1659340638557712384,"Marselino Ferdinan berkelakar dengan Kurniawan Dwi Yulianto dan Eko Purdjianto usai sukses meraih medali emas SEA Games 2023 .

 #Okezone #Bola #SepakBola #SepakbolaDunia #BolaDunia . https://t.co/xsXYATHZSB",okezonenews,2,0,Positive
2023-05-18 23:29:08+00:00,1659340371275698176,"Arak-arakan ini digelar dalam rangka menyambut kepulangan skuad ""Garuda Muda"" usai sukses meraih mendali emas dalam SEA Games 2023 di Kamboja. https://t.co/BFn0b1yllY",kompascom,2,1,Positive
2023-05-18 23:28:42+00:00,1659340263633080322,@Paltiwest Cabor Sepakbola dapet emas kayaknya sebanding dengan JUARA UMUM SEAGAMES ğŸ¤£ğŸ¤£,aderifaeuy,162,7,Neutral
2023-05-18 23:28:23+00:00,1659340185010864128,"Kena Mental, Pemain Timnas Thailand SEA Games 2023 yang Sombong Larang Indonesia Hadir Kini Tutup Komentar https://t.co/0ud6kDR4qP",zonajakarta1,0,0,Negative
2023-05-18 23:27:52+00:00,1659340052026077185,"@agung_yuliantoo @jidan172 @PSSI Nah jadi salahin dong pengurus PBSI emas banyak Dpt bonus banyak tapi knp gk bisa sewa pesawat ğŸ˜œ
badminton elit lho Seagames emas asian games emas olimpiade emas.
sepakbola mah apa atuh ğŸ˜",MRezaforbid,0,0,Positive
2023-05-18 23:27:00+00:00,1659339834165456901,"Pesta Olah Raga SEA Games yang ke 32 dirayakan meriah sekali di Phnom Penh, Kamboja. Yuk ikuti beritanya disini.
https://t.co/lYSsftVHe1 https://t.co/7qZMPxfUya",GagahSamudra2,0,0,Positive
2023-05-18 23:26:12+00:00,1659339634567159808,@pabbbbzzzzz Tapi mudah2an udah gak perlu lagi pake Marselino buat dapet emas di Sea Games berikutnya ğŸ˜¬,ardynshufi,0,0,Neutral
2023-05-18 23:25:51+00:00,1659339544834048000,"@angin_palsu @fantasista_id Medali emas level sea games dibandingin sama medali emas level Asian Games dan Olimpiade, sungguh opini yang sangat katro",rifandiii_1,0,0,Positive
2023-05-18 23:24:31+00:00,1659339210497863680,"Penasaran? Sosok Wanita Cantik Pembawa Nampan Medali Emas Timnas Indonesia di SEA Games 2023
https://t.co/uAekrgvpuN",BeritakanID_com,0,0,Positive
2023-05-18 23:23:27+00:00,1659338940871213057,@PT_Transjakarta Hari ini tj blok m - pasar senen beroperasi gak min? Kan ada arak arakan sea games di bundsen sampe bunderan hi,juyuntani,0,0,Neutral
2023-05-18 23:22:31+00:00,1659338709336989696,"Timnas Indonesia U-22 akan menjalani pawai di Jakarta hari ini usai meraih medali emas SEA Games 2023 .

 #Okezone #Bola #SepakBola #SepakbolaDunia #BolaDunia . https://t.co/SfUDFANIUS",okezonenews,2,0,Positive
2023-05-18 23:21:38+00:00,1659338483062931456,@hummingcows @13th_palace @sintasnap Kalo ga nyampe skip aja. Kayaknya emang lo &amp; teman2 lo ini belum paham betul. Jelas2 dia ( as BL)  niat nyindir sepakbola yang heboh karena baru juara sea games dengan nyantumin asian games &amp; olimpik. Padahal meme nya salah kaprah karena 2 event tsb adalah event major. KetakerğŸ˜œ,kevinrps20,0,1,Positive
2023-05-18 23:21:02+00:00,1659338335637078016,Polda Metro Jaya Rekayasa Lalu Lintas Arak-arakan Timnas Raih Emas SEA Games 2023 Hari Ini #TempoMetro https://t.co/GJ6O5XbA1t,tempodotco,1,1,Neutral
2023-05-18 23:20:20+00:00,1659338156968144896,"@kevinrps20 @txtdrdinmasjid @wlfdeersh Gas beneran mas biar ga ngomong seenaknya tuh orang kayak nyepelein prestasi ""baru ngerasa megang medali emas sea games aja sombongnya udah kayak ngangkat piala dunia"" hilih so bgttttt",elswelah,115,0,Positive
2023-05-18 23:20:03+00:00,1659338085929197568,"Jumat Pagi Ini, Konvoi Timnas U-22 Indonesia Berlangsung di Jakarta untuk Rayakan Emas SEA Games 2023, Simak Jadwal dan Rutenya #TempoBola https://t.co/TxY9S64cXr",tempodotco,4,1,Neutral
2023-05-18 23:20:00+00:00,1659338072750735360,"Pulang dari SEA Games 2023, Timnas Indonesia U-22 disambut lautan manusia di Bandara Soekarno-Hatta!
https://t.co/GdIpu2JHVd",Bolanet,9,0,Neutral
2023-05-18 23:19:45+00:00,1659338011564466176,"Cinta Nayomi jadikan medali SEA Games ajang belajar untuk Asian Games

https://t.co/8ARdqaI3WG https://t.co/HVOhuw69kd",elshinta_tegal,0,0,Positive
2023-05-18 23:19:19+00:00,1659337900545413120,@KEMENPORA_RI yg dihargai medali emasnya dri 87 medali emas hanya satu cabor wkwkwk bahkan sekelas dunia thomas cup (dianggap ga penting) kalah sama level sea games #miris,jekanmezien_,0,0,Negative
2023-05-18 23:18:48+00:00,1659337773000843266,"@sepionsupra @stefanyvonne Iyain aja lgi pusing liat sudirman cup, silahkan nikmati kemenangan sea games doang itu kan gatau kapan bisa menang lagiğŸ¤ª",peopgreat,0,0,Positive
2023-05-18 23:18:19+00:00,1659337651085000704,"ez

world cup qualifiers make sty dan tim seniornya, asian games make indra sjafri dan tim u-22nya yang baru menang sea games kemaren.",inidimasss,0,0,Neutral
2023-05-18 23:17:28+00:00,1659337435661361153,"Media Malaysia Sebut Timnas Indonesia U-22 Juara Sepakbola SEA Games 2023 karena Thailand dan Vietnam Cuma Turunkan Tim Lapis 2 | Sepakbola Dunia - https://t.co/Wbdk922m0a https://t.co/p78n1mvoaT 

Lha MALAYSIA KALAH OLEH THAILAND LAPIS KE DUA DI SEA GAMES 2023 KAMBOJA",simeleketh,0,0,Neutral
2023-05-18 23:17:03+00:00,1659337331671957504,"@ardynshufi Tapi iya sih, saya juga kepikiran saat pertama kali tahu usia yotsakorn. Jir, masih muda banget. Masih bisa main buat 2 edisi sea games, 2 edisi aff. Bakalan kayak apa dia 4 tahun lagi?",sivolga,3,1,Positive
2023-05-18 23:16:35+00:00,1659337215661715456,"@KEMENPORA_RI Berhasil peringkat 3 Sea games, terus diarak arak
Agak lain emang ğŸ™‚",yangngomong,1,0,Positive
2023-05-18 23:16:03+00:00,1659337079522988032,"@hrdbacot Harusnya libur nasional juga ya buat pekerja, memberikan ruang untuk selebrasi para atlet sea gamesğŸ¤­",asdfgherdinaa,1,0,Neutral
2023-05-18 23:15:56+00:00,1659337050427129856,Penasaran? Sosok Wanita Cantik Pembawa Nampan Medali Emas Timnas Indonesia di SEA Games 2023 https://t.co/yDHdFxZUGr,Newstagar,0,0,Positive
2023-05-18 23:15:05+00:00,1659336837922721792,"@pujianyou @idextratime Wajar aj klo emas sepakbola begitu dinanti...!
32 thn baru skrg dpt emas....klo cabor lain tiap sea games pasti dpt...jd rasanya tdk istimewa...!
Utk cabor lain...harap maklum dlu lah thn ini....ğŸ˜‚ğŸ˜‚",iyai_toeni,2,0,Positive
2023-05-18 23:15:02+00:00,1659336825822126080,Taii sea games cuma level junior gamasuk kalender fifa lagi. Habib rizieq juga diarak abis bebas biasa aja,ggworoo,1,0,Negative
2023-05-18 23:14:27+00:00,1659336677868081152,"Juara di seagames, mau dirayain dihujat.
Masuk piala dunia jalur tuan rumah trus gagal dirayain grgr politik, di hujat juga. Emg netizen kontol.",done899002,0,0,Negative
2023-05-18 23:13:34+00:00,1659336454500229125,Catat! Ini Rute Arak-arakan Timnas U22 Indonesia dan Kirab Juara SEA Games 2023 https://t.co/7QpfJbB8do,KompasTV,6,1,Neutral
2023-05-18 23:12:54+00:00,1659336287512412160,"SEA Games yang Kian Melenceng dari Semangat Awalnya 
https://t.co/ql6w5vJBaI",AuisGrand,0,0,Positive
2023-05-18 23:12:36+00:00,1659336212765900800,"Timnas #Indonesia U22 akan berkeliling Jakarta usai menyabet medali emas #SEAGames 2023 ğŸ¥‡ğŸ‡®ğŸ‡©
Jumat, (19/5) 2023 | 08.00 WIB
Rute:
Gedung Kemenpora
Jl. Jend. Gatot Subroto
Jl. Jend. Sudirman
Bundaran HI
Jl. Jend. Sudirman
VIP Barat Stadion Utama Gelora Bung Karno ğŸŸ
#Juve #China https://t.co/k3aI4TQAo9",MacanbolaID,0,0,Positive
2023-05-18 23:11:05+00:00,1659335828970278912,"@psi_id @Andy_Budiman_ Biarin mereka semua pada kasih kritik yg pedas (Pake Karet dua). Btw, selamat ya buat @psi_id yg udah dapetin emas sea games.",ari_kurni88,0,0,Positive
2023-05-18 23:10:55+00:00,1659335787337461760,"Pertarungan adu gengsi antarnegara menjauhkan SEA Games dari semangat awalnya. Tuan rumah cenderung mengesampingkan sportivitas demi meraih target juara umum yang bersifat fana. #Olahraga #AdadiKompas 

https://t.co/OU5VQTgerU",hariankompas,0,0,Neutral
2023-05-18 23:10:46+00:00,1659335749379190785,WKWKWKWWKKWWKWKW sea games WKWKWKWKWKWKWKWK,xdra__gn,0,0,Neutral
2023-05-18 23:09:43+00:00,1659335484416610305,Hari ini seluruh anggota skuat timnas U-22 Indonesia akan melakukan pawai. Dimulai dari Kantor Kemenpora pukul 08:00 WIB dan berakhir di VIP Barat Stadion Utama Gelora Bung Karno. Siapa yang mau meriahkan pawai keberhasilan Garuda Nusantara merebut emas SEA Games 2023? https://t.co/ACeroCuGlD,Football5star,0,1,Positive
2023-05-18 23:07:44+00:00,1659334986015682562,"@LuxuryBroz @greenboys_27 @idextratime Ga apple to apple kl bandingin di event yg beda 
Ini kan sama2 bicara perihal Sea Games, negara saingannya ya sama itu2 juga 

Emg susah mengakui kl level bola kita msh dibawah ? Sekelas SG loh yg saingan di bola cuma Thai, Viet, sama Malay 
32 tahun baru medali emas",j_arga2,0,0,Negative
2023-05-18 23:06:55+00:00,1659334783187525635,"Tim sepak bola Indonesia pulang ke Tanah Air setelah berhasil mendapatkan medali emas SEA Games 2023. Tim sepak bola Indonesia terakhir kali mendapatkan medali emas SEA Games pada 32 tahun yang lalu. #Foto #AdadiKompas

https://t.co/eCXA0C0tEv",hariankompas,1,0,Positive
2023-05-18 23:06:07+00:00,1659334580913180672,Rundown Arak-arakan Juara Timnas U-22 Bareng Atlet SEA Games https://t.co/UxVQmpGUSx,IDNTimesSport,0,1,Neutral
2023-05-18 23:06:05+00:00,1659334571157012482,"@idextratime @PSSI wkwkwkw ngapain anjir terlalu berlebihan, dapet emas juga cuma satu dan seagames pulaaa yang dimana ada cabor cabor lainnya.

kalau konteks juara piala asia atau aff sih masuk akal, karena ya emang kejuaraan sepakbola mau diarak juga wajar.",adwprdn,1,0,Positive
2023-05-18 23:05:46+00:00,1659334492559998978,"Tim sepak bola Indonesia pulang ke Tanah Air setelah berhasil mendapatkan medali emas SEA Games 2023. Tim sepak bola Indonesia terakhir kali mendapatkan medali emas SEA Games pada 32 tahun yang lalu. #Olahraga #AdadiKompas 

https://t.co/fTg4Gq4l4l",hariankompas,2,0,Positive
2023-05-18 23:04:43+00:00,1659334228797165568,"Anak2 coba sebutkan cabor mana yg lebih besar dari bola? 
Badminton bu 
Wkwkwk
Sry gw blg yang lain cuma penghibur
#TimnasDay #pssi #arhan #marcelino #sananta #seagames",RafaelEnru82385,0,0,Positive
2023-05-18 23:04:37+00:00,1659334203681681409,"Pecah Telur Setelah 32 Tahun, Aji Santoso Sebut Timnas Indonesia Layak Dapatkan Medali Emas SEA Games 2023 Kamboja https://t.co/GFPak5pe3R",tvOneNews,11,2,Negative
2023-05-18 23:04:32+00:00,1659334183502901249,"Timnas U22 Sumbang Emas di SEA Games 2023, Erick Thohir: Itu Berkat Doa Ibu dan Masyarakat https://t.co/NG8PeCT9SP",KompasTV,5,0,Positive
2023-05-18 23:04:31+00:00,1659334176003203078,"@anjaiyaa @loocoocooo @idextratime @PSSI Thn kemarin emang ada arak2 annya? Perasaan sepi2 aja untuk perayaan kemenangan medali emas sea games thn kemarin, pling cuma makan2 doang ama presiden. Itu pun gk ada dokumentasi nya",jagatperkasaa,0,0,Negative
2023-05-18 23:03:52+00:00,1659334014640222211,"@idextratime Di 1 sisi gua pham bgmna snangnya juara stelah 32 thn. Tp disisi lain kok sngguh ironis ya Baru juara Skelas SEA Games loh yg mna cabor lain udh pda khattam tuh emas sea games. Sah"" aja merayakan juara tp mnurut gua sh klo Skelas SEA GAMES(Kategori Usia) gk perlu deh arak-arakan.",ArsenalpediaID,4,0,Positive
2023-05-18 23:02:50+00:00,1659333753880326145,@idextratime ibarat orangtua sambut anak yg pulkam jelas beda sambutan anak yg pulkam tiap thn (badminton sering juara) dg yg baru pulang setelah 32 thn (sepakbola juara sea games). Sambutan yg sama boleh kita lakukan untuk bukutangkis jika kita juara Sudirnan Cup (34 th gk pulang2) ğŸ˜€,SahabatMu775,1,0,Positive
2023-05-18 23:02:05+00:00,1659333563869716481,"Apresiasi Perjuangan Atlet SEA Games, Pagi Ini Kemenpora Gelar Kirab Juara https://t.co/f73HWbjzmN",Beritasatu,1,0,Neutral
2023-05-18 23:01:14+00:00,1659333351122296835,#TODAYSHEADLINE : Manajer Thailand Mundur Imbas Keributan di Final SEA Games 2023 (VIA : https://t.co/VybaTI291D) #GMY,GeronimoFM,0,0,Neutral
2023-05-18 23:01:11+00:00,1659333339550023680,"SEA Games 2025 Siap Bergulir di Thailand
https://t.co/Yh2bIMptWj",BORNEONEWS,0,0,Positive
2023-05-18 23:01:11+00:00,1659333337968963585,"SEA Games 2025 Siap Bergulir di Thailand
https://t.co/Yh2bIMq1LR",BORNEONEWS,0,0,Positive
2023-05-18 22:59:35+00:00,1659332934640230404,@txtdrdinmasjid aku juga kalo menang sea games bakalan sombong kaya ngangkat piala dunia,urnumbawan,1,0,Positive
2023-05-18 22:59:34+00:00,1659332933361238016,"@idextratime Official Thailand udh resign dari manager karena keributan kemaren di sea games, eh di negara konoha masih lanjut part 2 ributnya",mrasyidii,0,0,Neutral
2023-05-18 22:58:45+00:00,1659332724837191681,"Indonesia Bakal Laporkan Insiden Sepak Bola SEA Games ke FIFA

https://t.co/pMBEPJG4LT",BORNEONEWS,0,0,Neutral
2023-05-18 22:58:20+00:00,1659332621833498626,"@PSSI udah ya temen2, gausah diributin. ini hajatannya pssi kok, kecuali ini yg ngarak kemenpora. buat temen2 football lovers ttp jaga ketertiban, jgn vandalism selama arak2 an, dan jgn overproud. biar ttp elegan, biar ga diketawain thailand yg juara bola sea games bolak balik.",dewandraaa,0,0,Positive
2023-05-18 22:56:50+00:00,1659332245801562112,"@juventusfcid Emang udah waktunya.
Beliau sudah teruji membawa tim juara dg pemain muda.
Juara sea games nih bos. #AllegriOut https://t.co/iEtaCzlA6W",mr12faizal,13,1,Positive
2023-05-18 22:56:40+00:00,1659332203338252291,"AlhamduliLlah dan selamat, Mahasiswa @UM_Jakarta, kembali mengharumkan nama Indonesia dengan persembahkan medali emas SEAGames 2023. Terimakasih @muhammadiyah.",hnurwahid,41,3,Neutral
2023-05-18 22:56:13+00:00,1659332088007659522,@txtdrdinmasjid tapi lu pernah ga megang medali emas sea games?,xises1_,0,0,Neutral
2023-05-18 22:55:27+00:00,1659331897481129986,"Bhayangkara Dalam Timnas Garuda.

Bripda Titan Agung Bagus Fawwazi, seorang anggota Polri yang juga merupakan atlet sepak bola peraih medali emas pada Sea Games 2023 di Kamboja. Iya merupakan andalan Bhayangkara FC dan salah satu skuad Timnas U-22 Indonesia.

Kapolres Bojonegoro https://t.co/HygCARHO8j",Bimo41521318,0,0,Positive
2023-05-18 22:55:12+00:00,1659331834898161665,@angin_palsu @humannnnnnn____ Kabarnya semua kontingen sea games bkn cuma sepakbola ğŸ¤”,Edo_ShehB,0,0,Neutral
2023-05-18 22:54:41+00:00,1659331704467881987,@WidasSatyo Kabaernya semua kontingen sea games bkn cuma sepakbola ğŸ¤”,Edo_ShehB,0,0,Neutral
2023-05-18 22:53:35+00:00,1659331427346030598,fans bola baru menang sea games udah belagu bener,songoftheYong,0,0,Positive
2023-05-18 22:53:08+00:00,1659331313839796225,@angin_palsu @bakpia_rebus @anggitamirul_id @jinjink_ @humannnnnnn____ Sekelas sea games baru juara setelah 32 tahunğŸ¤£badminton mahh setiap sea games selalu nyumbang emas,YS090804,2,0,Positive
2023-05-18 22:52:15+00:00,1659331090950262785,Ternyata semua kontingen. T...t...tapi kan ga juara umum sea games juga.,fikrhmn,0,0,Neutral
2023-05-18 22:51:59+00:00,1659331023858204673,Basket yang Sea Games lalu juara plus ngalahin Filipina kaga diarak tuh ğŸ˜€,bondeey,0,0,Neutral
2023-05-18 22:51:07+00:00,1659330804928090112,"Buset udah cuma asia tenggara, level sea games, kelompok umur pula, pake diarak. ğŸ« ",fikrhmn,1,0,Neutral
2023-05-18 22:47:50+00:00,1659329977148653568,@idextratime gak abis abis ni War nya. pdhal bahas nya sea games kmren. sampe bawa bawa sudirman cup,piecesofmeeeeee,1,0,Neutral
2023-05-18 22:47:23+00:00,1659329865890537472,"@angin_palsu Devinisi orang tolol. Badminton tampil level dunia sering juara. Level sea games mah ecek2 buat badminton, langganan emas. Coba itu sepakbola lolos pildun jalur giveaway aja gagal ğŸ˜… level asean aja mesti nunggu puluhan tahun juara duh ğŸ¤£",randyrally,20,1,Negative
2023-05-18 22:44:22+00:00,1659329107510071296,"@AchmadFauzi1406 @PSSI Lain kali Sea Games atau kompetisi sejenis nggak usah ikutkan cabor yang lain, cukup sepak bola saja yang katanya lebih berpamor dan bernilai jual. Giliran cabor dapat emas, ikut-ikut ngakuin ""Indonesia peringkat sekian dan sekian"" ğŸ™ƒ",bakso_kanji,0,0,Positive
2023-05-18 22:41:51+00:00,1659328472131731458,"@Paltiwest Beda perlakuannya dengan yg banyak dapat medali emas dengan yg hanya dapat 1 medali emas, semoga kedepan untuk tampil di even resmi dunia tidak hanya mengandalkan tampil dari dapat jatah  sebagai tuan rumah,  tapi dr persaingan  prestasi, selamat untuk PSSI juara sea games",ISumanata,2,1,Positive
2023-05-18 22:40:57+00:00,1659328247480602624,"@Scyeast @vioUul @tasyaasyii Ya krn turnamen timnas di sepakbola kan jarang juga, sea games aja 2 tahun sekali, piala asia dan dunia 4 tahun sekali. Sekali nggak juara ya nunggunya lama.",mas_ich,0,0,Positive
2023-05-18 22:37:45+00:00,1659327440081272832,"@TheIndoLad @idextratime Bener, menang sea games berasa menang AFF atau pildun ğŸ¤£ğŸ¤£ğŸ¤£ğŸ¤£ğŸƒâ€â™‚ï¸",only_cryto,1,0,Positive
2023-05-18 22:37:38+00:00,1659327412478578690,"Cabor sea games lain mana bsa dpt privilege spt ini. Alasannya jelas sepak bola sangat populer, dan selalu jadi kendaraan politik yang lezat. ğŸ˜‚",ttirusaru,0,0,Positive
2023-05-18 22:37:35+00:00,1659327401250390017,"Timnas Indonesia U-22 banjir pujian usai sabet medali emas SEA Games 2023 .

 #Okezone #Bola #SepakBola #SepakbolaDunia #BolaDunia . https://t.co/LiPl4sbDnK",okezonenews,7,0,Neutral
2023-05-18 22:32:11+00:00,1659326040500740097,"@sbtmskn Mungkin masalahnya, Sea Games itu terdiri dari berbagai cabor, nggak cuman sepak bola. Beda sama Uber dan Thomas, cuman 1 cabor saja, mosok ya menang Uber Thomas cabor hoki indoor, wushu, sepak bola ikutan dalam arakan? ğŸ™‚ğŸ¤”",bakso_kanji,0,0,Neutral
2023-05-18 22:32:06+00:00,1659326020443602950,"Acara Kirab Juara para atlet SEA Games 2023 Indonesia akan dilaksanakan pada Jumat (19/5) pagi pukul 08.00 WIB, dengan start dari kantor Kemenpora.Â  https://t.co/ifh7MAp37L",kompascom,5,2,Neutral
2023-05-18 22:29:06+00:00,1659325262843236352,"@rererayendras @PBPRSI Aku khawatir Indonesia bisa jeblok di sea games berikutnya, karena udah difokuskan ke cabor olimpiade. Sejauh ini cabor olimpiade di mana Indonesia bisa beneran bersaing cuma badminton, menembak, angkat besi, dan panahan.",alfinfbasundoro,1,0,Positive
2023-05-18 22:28:01+00:00,1659324993837338624,Jadwal dan Rute Kirab Juara Atlet Indonesia di SEA Games 2023 Pagi Ini https://t.co/4u2tDR45V6,KompasBola,1,0,Neutral
2023-05-18 22:26:47+00:00,1659324681596588033,kayaknya menang sepakbola tuh seperti jd juara umum sea games.. mungkin karena cabor favorit,FulanMcBastard,0,0,Positive
2023-05-18 22:26:43+00:00,1659324666102816769,@NarasiNewsroom masa jabatan = nunggu timnas juara sea games,yudagilang,0,0,Neutral
2023-05-18 22:23:24+00:00,1659323829502771200,waktu thomas cup? waktu batc? sea games juga menang emas menâ€™s teamnya?,pringlesakusuka,0,0,Positive
2023-05-18 22:22:58+00:00,1659323720115326977,Prabowo disebut menyampaikan selamat kepada Erick yang juga Ketua PSSI atas prestasi timnas meraih emas di Sea Games 2023. #pilpres2024 #dekade08 #mendingprabowo #terusmajubersamaprabowo,RitaOktavina,0,0,Positive
2023-05-18 22:20:57+00:00,1659323214785396736,"Tim U-22 Indonesia telah membasuh 32 tahun dahaga prestasi sekaligus melipur lara sepak bola lewat raihan medali emas di SEA Games Kamboja 2023. Namun, capaian bersejarah itu jangan sampai menimbulkan euforia berlebihan. #Olahraga #AdadiKompas 

https://t.co/XByFys6OW1",hariankompas,4,3,Negative
2023-05-18 22:20:00+00:00,1659322973222731777,"Timnas Indonesia U-22 raih emas SEA Games 2023, Luis Milla ikut senang!
https://t.co/m1ZgHD1jNs",Bolanet,10,1,Positive
2023-05-18 22:18:13+00:00,1659322526626086913,"@JCSajeed @KEMENPORA_RI Itu udah ada tulisannya bang ((Kontingen Sea Games 2023)), engga mungkin sepak bola doang",snnyxyde,2,0,Negative
2023-05-18 22:15:23+00:00,1659321812835254273,"Imbas Keributan di Final Sepak bola SEA Games, Yuttana Yimkarun Mengundurkan Diri https://t.co/HrdjaomokM @Changsuek_TH #TImnasday  #Indonesia #SEAGames2023 #Cambodia2023 #Thailand",JTK_15,0,0,Neutral
2023-05-18 22:13:23+00:00,1659321309506211840,"@idextratime Oh gitu ya hitung medalinya.....harusnya kemarin Indo juara umum sea games dong ? 86 + 30 kan 116 belum lagi volly, basket.dll",sulaimanariefst,0,0,Positive
2023-05-18 22:13:14+00:00,1659321271006662656,"Kepolisian Negara Republik Indonesia
mengucapkan

Selamat atas perolehan medali emas Tim Nasional Sepak Bola Indonesia U-22 pada SEA Games 2023 Kamboja

https://t.co/vebrXpzHWX",edisusa41426903,0,0,Neutral
2023-05-18 22:12:39+00:00,1659321125367848962,"Deretan Cabor Cetak Sejarah, Juara Umum dan Pecahkan Rekor SEA Games 2023 https://t.co/TfBTdzeU23",Beritasatu,4,1,Neutral
2023-05-18 22:12:01+00:00,1659320966600876032,@stefanyvonne Badminton kalo cuma level sea games mau diarak mah maluu..,kaikadwip,0,0,Positive
2023-05-18 22:11:26+00:00,1659320820408422400,"@sintasnap Terus kenapa? Itu juga sebuah pencapaian dan tidak mudah sampai di titik itu. Layak lah kita merayakan keberhasilan itu. Emas bola sea games juga gak semua bisa dapet itu. Argentina, Perancis, Brazil, Italia aja gak pernah dan gak akan bisa dapet emas di sea games.",Suparisme_,0,0,Positive
2023-05-18 22:10:24+00:00,1659320558436368384,"Timnas U-22 Indonesia telah kembali ke Tanah Air usai berlaga di SEA Games 2023 Kamboja dengan mengalungi medali emas.

https://t.co/1owgBpHtOf",tvrinewscom,1,0,Neutral
2023-05-18 22:10:24+00:00,1659320558167937024,"Judoka Bhayangkara Peraih Medali SEA Games 2023

Tiga personel Polri tergabung dalam timnas cabang olahraga judo telah berhasil menyumbangkan perolehan medali untuk Indonesia pada ajang SEA Games 2023 di Kamboja.
https://t.co/OoSbHQ9GhU",edisusa41426903,0,0,Neutral
2023-05-18 22:09:29+00:00,1659320326155796481,"Bhayangkara Dalam Timnas Garuda.

Bripda Titan Agung Bagus Fawwazi, seorang anggota Polri yang juga merupakan atlet sepak bola peraih medali emas pada Sea Games 2023 .

https://t.co/Br0y6ZKOZv",edisusa41426903,0,0,Positive
2023-05-18 22:06:02+00:00,1659319459268673538,"[POPULER MONEY] Mendag Zulhas: Masuk El Nino, Jangan Kaget Harga Pangan Naik | Pemerintah Siapkan Bonus Rp 275 Miliar untuk Penerima Medali SEA Games https://t.co/EvIXphNyZm",KompasEkonomi,0,0,Positive
2023-05-18 22:05:27+00:00,1659319313394970625,"@ardynshufi Maksud saya memang ga bilang pundit diatas mencaci tapi hanya kritik dari selebrasi Marsel yang di ruang ganti itu, yg dimaksud mencaci itu adalah atmosfer sebagian warga twitter setelah dpt emas di Sea Games kmrn contoh bisa byk ditemukan di kolom komentar twit dibawah..",BonekNetijen,1,0,Negative
2023-05-18 22:03:34+00:00,1659318836821385218,"Kontingen Indonesia Sukses Cetak Rekor, Sejarah, dan Catakan Juara Umum di SEA Games 2023 Kamboja https://t.co/PulCBbKDFe",tvOneNews,5,2,Positive
2023-05-18 22:03:27+00:00,1659318808698585090,"Diskriminasi.
Bukan hanya bidang hukum, olahragapun demikian.
Badminton level dunia....santuy
Sepakbola level sea games , serasa buat sejarah dunia.
Juara dunia...santuy.
Juara sea games diarak ibu kota.",Sapuran6,0,0,Neutral
2023-05-18 22:00:10+00:00,1659317984807243776,"Soal Aksi Lempar Medali dan Maskot SEA Games ke Penonton, Begini Penjelasan Jonathan Khemdee https://t.co/J2LR4lG0Zo #JonathanKhemdee #KlarifikasiKhemdee #LemparMedali #SeaGames2023",fajaronline,0,0,Neutral
2023-05-18 22:00:01+00:00,1659317946349416448,"Jadwal Timnas Indonesia: Juara SEA Games 2023 beres, selanjutnya persiapan Asian Games!
https://t.co/z8VyWQopZB",Bolanet,0,0,Neutral
2023-05-18 21:59:48+00:00,1659317890003390465,"@idextratime @PSSI Berlebihan Cok ini acara sea games yg dapat emas bukan hanya sepak bola,kalo mau rayain mending rayain semua yg dapat emas",YUSUF50585288,0,0,Positive
2023-05-18 21:59:42+00:00,1659317866162962432,"@jingggakelana @ardynshufi Memang ga papa, gak ada yg ga bolehin.. dan cacian bukan di tujukan ke Ardy nya tapi ke atmosfer twitter soal medali emas timnas di Sea Games kemarin,",BonekNetijen,2,0,Positive
2023-05-18 21:57:25+00:00,1659317291077758976,Wkwkkw arak-arakan iku lek menang sea games e. Iki menang satu cabor kok koyo ngunu,azamput,0,0,Positive
2023-05-18 21:55:53+00:00,1659316903423410176,Bacaan Jumat pagi --&gt; Jejak Muhammadiyah dalam Emas Sepakbola SEA Games 2023 https://t.co/Bc6UPXYsdH,fajarjun,15,6,Neutral
2023-05-18 21:55:34+00:00,1659316826747326468,@katakuntukamu @txtdrdinmasjid Penantian 32 tahun. Wkwkwk. Gw yg hidup selama penantian 32 tahun dan fans bola masih merasa atensi yg didapat bola berlebihan. Cuma 1 emas Sea Games. Yg dari dulu memang wasitny selalu mendukung tuan rumah. Ok lah akhirny menang lawan thailand. Tp kan ini U-23. Wkwk,priyono_fpr,3,0,Positive
2023-05-18 21:53:29+00:00,1659316302631108609,"Jadi sepak bola juara seagames ini hrsnya jdi semangt buat lebih baik dri penyelenggaraan, pembinaan, dll

Gak main2 selain nggabisin duit negara dripada cabor lain, 135 nyawaaaa lhooo yg smpe saat ini blm dpt keadilan",KakDhoh,1,0,Neutral
2023-05-18 21:52:27+00:00,1659316039384207360,"- Final SEA Games âœ…
- Semifinal UEL âŒ
- Tiket Coldplay â”

Setelah deg-deg ser di dua match timnas dan Juve, Yuk ah sekarang fokus tiket Coldplay. ğŸ’ªğŸ’ªğŸ’ª",PaundraJuve,0,0,Neutral
2023-05-18 21:51:12+00:00,1659315726174531584,"Bermain Kompak dengan Ananda Raehan, Gelandang Timnas SEA Games Layak Main di Liga Champions Bersama PSM 
https://t.co/vAWRFqUxtP",TimurkotaCom,0,0,Neutral
2023-05-18 21:48:10+00:00,1659314963675070465,"@darryllew @sbtmskn Sya pikir gak perlu lah terlalu dibesarkan juara SeaGames. Iya hargai, bangga, harusnya motivasi buat lebih baik prestasinya. Mana nggabisin duit negara dari pada cabor lain.
Bayangin juara SG diarak, dibesarkn, tpi lupa negara telah membiarkan bgitu sj 135 nyawa krna spak bola.",KakDhoh,1,0,Positive
2023-05-18 21:47:02+00:00,1659314680228368385,"Pulang dari SEA Games 2023, Timnas Indonesia U-22 Disambut Lautan Manusia di Bandara Soekarno-Hatta https://t.co/5zLu7hk1bs",BintangJersey,0,0,Neutral
2023-05-18 21:45:16+00:00,1659314233564344322,@txtdrdinmasjid Bener banget sih. Overhype udah jadi DNA nya warga negara Indonesia. Padahal cm seagames. Pas level Asia megap2...,vkvrly,0,0,Positive
2023-05-18 21:44:55+00:00,1659314143760121856,Atlet Asal Kabupaten Bekasi Sumbang 14 Medali SEA Games 2023 https://t.co/9yaMF6GpVM,Beritasatu,4,0,Neutral
2023-05-18 21:44:04+00:00,1659313931217928192,"SapaNusa - #newsupdate

Tim 'Garuda Nusantra' berhasil menang 5-2 dengan Thailand U-22 pada final yang berlangsung di Stadion Nasional Olimpiade, Phnom Penh, Kamboja.

#timnasindonesia #timnas #seagames #seagames2023 #medaliemas #indonesiavsthailand #sepakbola #beritaolahraga https://t.co/zubkfu4zMY",warga_nusa,0,0,Neutral
2023-05-18 21:42:03+00:00,1659313425833676800,"Tiba di Jakarta Dini Hari, Timnas U-22 Akan Diarak di Sekitar HI Mulai Pukul 08.00 WIB @joswito https://t.co/M0ubxoSs17 #Timnasday #SEAgames #TimnasU22",wito_karyono,2,1,Positive
2023-05-18 21:41:13+00:00,1659313215988469760,@juventusfcid Udah unggul duluan...peluang banyak depan gawang...tapi tetap kalah...ngk rezeki ato emang Juve nya ngk pengen juara...2 gol membiarkan pemain lawan cetak gol mudahğŸ˜ª...untung timnas dapat emas seagamesğŸ¥‡...jadi ngk baper amat lah kegagalan JuveğŸ¤­ #FinoAllaFine #ForzaJuve,RismanSyaif48,0,0,Positive
2023-05-18 21:39:35+00:00,1659312802018865152,"Atlet asal Provinsi Nusa Tenggara Barat (NTB) berhasil menyumbang delapan medali untuk kontingen Indonesia di Sea Games Kamboja 2023. Depalan medali tersebut terdiri dari tiga emas, dua perak, dan tiga perunggu. https://t.co/cuh67nLRQL",NTB_Prov,0,0,Negative
2023-05-18 21:37:56+00:00,1659312388858949633,"@PSSI Saya pecinta bola, tapi euforia ini berlebihan, ayolah @PSSI ini hanya sea games, no trophy.

Kalau tourneynya sekelas aff atau asian cup atau lolos piala dunia okelah.

Ya, semoga kedepannya bisa lebih baik lagi dan konsisten berprestasi",QueenSilvia100,26,4,Positive
2023-05-18 21:37:21+00:00,1659312242561781760,"Ni wasit sea games harusnya kek wasit uel ni, udh lewat injury time udh full time, bukannya malah free kick ğŸ˜­ğŸ˜­",bettercallquill,0,0,Positive
2023-05-18 21:31:05+00:00,1659310666144989187,@JaohariLatif SC sama Uber udah lama. Thomas 2 tahun lalu dpt. Yg masih anget Sea Games dpt ğŸ˜„,DddikeE,0,0,Negative
2023-05-18 21:31:00+00:00,1659310643722240002,Jejak Muhammadiyah dalam Emas Sepakbola SEA Games 2023 https://t.co/Bc6UPXXUo9 via @muhammadiyah,fajarjun,8,5,Neutral
2023-05-18 21:28:12+00:00,1659309939666440193,@Mutiara35111980 @KEMENPORA_RI sorry bukannya ini kemenpora mau kirab bareng seluruh atlet sea games?,byninshine,0,0,Negative
2023-05-18 21:27:45+00:00,1659309824390078469,Sprinter Indonesia Lalu Muhammad Zohri mengalami cedera saat bertanding di SEA Games Kamboja 2023. Bagaimana kondisinya saat ini? https://t.co/thbOpnh9ji,detiksport,1,0,Neutral
2023-05-18 21:26:20+00:00,1659309467710939137,@BadmintonTalk Sea games udh selesai... Lisa SM rehan yuk terbang ke China wkwkwk,lestari_purwati,0,0,Positive
2023-05-18 21:25:18+00:00,1659309209219997696,"keributan terkocak adalah fans bola vs BL, kek hah kok bisa sih ributin ginian. fans bola menang sea games overpride banget padahal kalo dibandingin di kompetisi yang sama badminton juara umum juga loh kita, BL juga kek udah lah ngapain di tanggepin statement sampah gitu",_Hoshinokage,0,0,Positive
2023-05-18 21:21:03+00:00,1659308140134043648,"Pulang dari SEA Games 2023, Timnas Indonesia U-22 Disambut Lautan Manusia di Bandara Soekarno-Hatta https://t.co/RxMau0f5LQ",Bolanet,4,0,Neutral
2023-05-18 21:20:55+00:00,1659308106340352000,"@GOAL_ID Gak perlu..ini cuma sea games
...",Jend_Zecks,1,0,Neutral
2023-05-18 21:18:33+00:00,1659307509499285504,@wolfalone93 @UserOnly_ Kembali lagi semua keputusan itu di Tangan STY dan PSSI. Seperti statement PSSI jika setelah SEA Games U23 yg handle STY lagi dan Indra Sjafri balik lagi jadi dirtek,AdalardBanim,0,0,Neutral
2023-05-18 21:13:37+00:00,1659306269532987396,"@13th_palace @sintasnap Kayaknya lo yang ga nyampe deh mas wkwkwk. Sejak kapan sea games, asian games, dan olimpiade itu jadi perbandingan prestasi sebuah negara di sepakbola? Ke 3 event tsb event major. Jadi sekalipun juara olimpiade, ga akan pengaruh apa apa sama citra Indonesia di dunia internasional",kevinrps20,0,1,Positive
2023-05-18 21:13:33+00:00,1659306253149929482,"Bukan Thailand, Fajar Fathur Rahman Sebut Vietnam Jadi Lawan Paling Berkesan di SEA Games 2023 https://t.co/gn9DhlhT9q",KompasTV,10,3,Positive
2023-05-18 21:13:22+00:00,1659306207163846656,"Kembali perpanjang tanpa gelar. Yuk bisa yuk timnas aja 32 tahun menunggu emas Sea Games, Leverkusen 30 tahun dari gelar terakhir :) https://t.co/evsHOQUOzW",LeverkusenID,0,0,Positive
2023-05-18 21:11:48+00:00,1659305812601487360,"@EndroSugiarto99 @13th_palace @sintasnap Udah di jelasin kalo di sepakbola, event yang bergengsi bukan Asian games &amp; olimpiade. Sea games juga termasuk. Jadi kalo meme di buat untuk kritik prestasi Timnas, harusnya ga pake dua event tersebut. Kecuali kalo meme itu cuma buat julid dan sender ga mudeng sepakbola. Ya wajar",kevinrps20,0,1,Positive
2023-05-18 21:11:39+00:00,1659305774567530498,"@ardynshufi Sy tertarik dengan kalimat cara mereka memandanv event ini tentu berbeda karna mereka sudah 16 medali emas.
fokus kita dpt emas Sea games setelah 32tahun &amp; juara AFF setelah itu sy yakin kita Memandang komeptisi Sea games akan sama tidak boleh pemain senior turun kelas",MRezaforbid,1,0,Positive
2023-05-18 21:06:35+00:00,1659304498698002434,"@angin_palsu @humannnnnnn____ Kalo badminton level sea games mesti diarak, kalo menang level dunia mau digimanain? Mau lu sembah sujud sepanjang jalan?",destanuevo,0,0,Positive
2023-05-18 21:00:34+00:00,1659302985250512900,Kemenangan Timnas Indonesia U-22 di SEA Games 2023 Jadi Modal Bagus Torehkan Prestasi Berikutnya https://t.co/e3zIIpHfpX,tvOneNews,6,2,Positive
2023-05-18 21:00:21+00:00,1659302931840270336,"*Selamat kepada anggota Polri sebagai perwakilan Indonesia mendapatkan Mendali Emas Pada Sea Games Kamboja 2023*
#penerimaanpolri2023 #polriindonesia #betahpolri #penerimaanpolribetah #ssdm_polri #poldakalsel #biro_sdm_poldakalsel #bagsdm_polresbatola  
@ssdm_polri 
@biro_sdm https://t.co/zrFp6QeGFi",MuaraAnjir,0,0,Neutral
2023-05-18 21:00:01+00:00,1659302844120571904,"Timnas Sepak Bola SEA Games Diarak Keliling Jakarta

Saksikan Kabar Pagi bersama Fariz Naufal &amp; Yohanna Gabriela pukul 04.30 WIB hanya di tvOne &amp; live streaming di https://t.co/7Gr3a5LusQ

#KabarPagitvOne #CariBeritaditvOne https://t.co/x9k2myVxgG",tvOneNews,6,2,Neutral
2023-05-18 20:58:33+00:00,1659302476577906688,"Irfan Jauhari Bawa Mentalitas Sambernyawa, Cetak Gol dalam Laga Final SEA Games 2023 https://t.co/aiSp10AAnH",InfoJktCom,0,0,Neutral
2023-05-18 20:58:29+00:00,1659302459393843200,Kondisi Terkini Lalu Muhammad Zohri Usai Cedera di SEA Games 2023 https://t.co/hWxBzxUow5,20detik,1,0,Positive
2023-05-18 20:53:39+00:00,1659301243754520580,"ada ada sj warga sosmed, yg satu ribut jennie v yang satu ribut cabor bola sea gamesğŸ¥´",kalusyeahz,0,0,Positive
2023-05-18 20:51:34+00:00,1659300717411340288,"Timnas Indonesia U-22 Raih Emas SEA Games 2023, Luis Milla Ikut Senang: Bagus! https://t.co/NsLdxQ3cNg https://t.co/IXPbxxVD3A",RenoJulian,0,0,Positive
2023-05-18 20:45:25+00:00,1659299171122151425,"@kevinrps20 @aciial_ @stefanyvonne Udah waktu persiapannya lama begitu juga, tetep aja sulit buat juara.
*ini konteksnya di sea games sama AFF aja yak, kalo piala asia sma pildun gaush dibahas. Masih sangat jauh dari genggaman timnas kita.",PeoplePlues62,0,0,Negative
2023-05-18 20:43:07+00:00,1659298591062499329,Cinta Nayomi jadikan medali SEA Games ajang belajar untuk Asian Games [BeritaBaru] https://t.co/EPd2rwIyn0,BeritaBaru,0,0,Neutral
2023-05-18 20:39:53+00:00,1659297778328301569,"@saankies Jangan langsung di ulti minimal skill 1 dulu, gua bangga bola bisa dapet emas di sea games dan niat ikut arak2an tapi liat ada yg nyenggol cabor laen tuh gimana ya... Hello ga pernah liat berita emang wkwkwkwk",dedoysarap,0,0,Positive
2023-05-18 20:35:28+00:00,1659296667412344832,@smashkohen @wlfdeersh @txtdrdinmasjid Lo tau ga sih kalo fans bola dari dulu respect ke olahraga lain terlebih sama badminton? Ga percaya? Lo lihat akun2 fanspage bola di sea games kemarin banyak yang dukung badminton &amp; cabor lain. Bahkan update perolehan medali. Kalian juga ngelakuin hal yang sama kah? Coba  dijawab,kevinrps20,2,0,Positive
2023-05-18 20:30:45+00:00,1659295480243978240,"@punpunni Sebelum sea games juga emang sudah carter pesawat sendiri, wkwkwk kocak luğŸ¤£ğŸ¤£ğŸ¤£ğŸ¤£ https://t.co/a0vQENHM29",JangKasev,0,0,Positive
2023-05-18 20:25:30+00:00,1659294159440605202,Pesta arak-arak kontingen Indonesia yang berprestasi di SEA Games 2023 digelar di Jakarta. Berikut ini rute dan jadwal selengkapnya! https://t.co/B6v3Z3BmFB,detiksport,4,0,Positive
2023-05-18 20:24:28+00:00,1659293901637689344,Pesta arak-arak kontingen Indonesia yang berprestasi di SEA Games 2023 digelar di Jakarta. Berikut ini rute dan jadwal selengkapnya! https://t.co/cXlZUKwu7T,detikcom,11,2,Positive
2023-05-18 20:10:54+00:00,1659290485914218496,Buntut dari tragedi SeaGames Indonesia vs Thailand https://t.co/dVHrn8RAvp,arypg_,0,0,Neutral
2023-05-18 20:09:01+00:00,1659290011207110657,Mitoma sejak tahu kalo Jepang satu grup sama Indonesia langsung drop performanya. Takut kah sama juara Sea Games?,gilabola_idn,0,0,Negative
2023-05-18 20:08:45+00:00,1659289946065338368,""" Prediksi Freiburg vs Wolfsburg 20 Mei 2023 ""

Link: https://t.co/OM1aIjOJ3N
Baca Selengkapnya Â» duniaprediksiliga858,blogspot,com (ubah koma jadi Titik)

#Liga858 #bolabetterpercaya #GermanBundesliga #Freiburg #Wolfsburg #agenjudibola #bolaparlay #SeaGames https://t.co/KkNXjXNLhw",Liga8583,0,0,Positive
2023-05-18 20:08:15+00:00,1659289818441060352,kontingen yang dapet emas di multievent seagames apa rasanya ya yang di arak cuma kontingen sepakbola? tapi tetep kok kalian semua pahlawan olahraga negeri iniğŸ™,JulizarLutfi,1,0,Negative
2023-05-18 20:08:11+00:00,1659289802443980800,@YoppiOktavianus @kepopteyus @hannagyeongs Badminton dan angkat besi be like : ini arak kelas seagames serius ? Soalnya keseringan kelas Olympic,Ryanagung58468,1,0,Negative
2023-05-18 20:04:06+00:00,1659288772780109824,"Update Perolehan Medali SEA Games 2023, Indonesia Panen Medali Emas di Detik Akhir Ajang SEA Games
 
https://t.co/StmQGsLb9i lewat @tribunnews",asnani_hm,0,0,Neutral
2023-05-18 20:03:37+00:00,1659288653502480386,Satu Medali Emas SEA Games 2023 Cabang Gulat Disumbangkan Bintara Remaja Polda Sumatera Barat https://t.co/lL08MyJL0U,tvOneNews,16,3,Neutral
2023-05-18 20:02:25+00:00,1659288348459143170,"@heeyima @txtdrdinmasjid lah sama?!?!?! gue sempet mau masuk tim basket pas SMA juga tp gajadi wkwkwk tp cukup berprestasi basket, cuma emg kurang diminati aja kalo misal ada pertandingan apa SEINDONESIA pasti nonton gitu kayaknya enggak.  kalo bola? cuma friendly match aja pada nobar, sea games, aff wkw",youdreamies,1,0,Positive
2023-05-18 20:00:54+00:00,1659287970296508416,"@KEMENPORA_RI atlet pro dunia sekelas Aldila Sutjiadi dah tak terlalu pikirkan kirab atau arak-arakan rayakan juara  ASEAN. 
Gak tambah duit!

Dila habis gaet 2 emas &amp; 1 perak SEA Games langsung terbang jauh ke Maroko mau ikut turnamen, habis itu ke Prancis mau ikut Grand Slam French Open ğŸ‘Œ https://t.co/qvN76xIgAv",OptaMola,2,1,Positive
2023-05-18 19:45:00+00:00,1659283967541932051,"Seharusnya olahraga itu untuk menyatukan bangsa, ini malah ada akun provokasi, padahal itu kan Kemenpora yang adain, parade gold medal sea games, jadi semua yang mendapat emas ikut diarak, bukan sepak bola aja, semuanya.",PutraSabar4,0,0,Negative
2023-05-18 19:43:53+00:00,1659283685324247041,"Final Results of the SEA Games Cambodia 2023 ğŸ“·
Congratulations the winners of the Menâ€™s Doubles:
ğŸ“· Pramudya KUSUMAWARDANA/Yeremia E. Y. Y. RAMBITAN ğŸ“·
ğŸ“· Peeratchai SUKPHUN/Pakkapon TEERARATSAKUL ğŸ“·
ğŸ“· Muhammad Shohibul FIKRI/Bagas MAULANA ğŸ“· and NGE Joo Jie/Johann PRAJOGO ğŸ“· https://t.co/zjLhX3GueE",KBola89,0,0,Neutral
2023-05-18 19:43:47+00:00,1659283661819379712,"@idextratime @PSSI Maaf ini banyak kontranya sih, terlebih yang nyumbang emas bukan bola aja, ada 86 emas lainnya dari berbagai cabor kalo bisa diarak semua atletnya yang dapet emas, perak dan perunggu, karena mereka semua ikut andil dalam sea gamesğŸ™",yoopies_syifaYS,0,0,Negative
2023-05-18 19:41:21+00:00,1659283047207018496,@youdreamies @baeutiareu @txtdrdinmasjid Iya. Kalau aku sih lebih buat Perbasi. Pak Erick itu dulu udah pernah jadi ketum Perbasi. Masih ada saham di klub basket juga. Indonesia jadi tuan rumah basket Dunia dan venue siap. Tim basket putri juara sea games. INI MOMENTNYA PERBASI BUAT BRANDING BASKET. Cuma.. Dananya?ğŸ˜‚,heeyima,0,0,Positive
2023-05-18 19:40:30+00:00,1659282837038850048,kalian ngikutin seagames?,JocelynFlorest,0,0,Neutral
2023-05-18 19:38:43+00:00,1659282387849605124,"32 tahun
suharto selesai menjabat.

32 tahun 
emas sepakbola 
di seagames di dapat.",perspektifminor,0,0,Neutral
2023-05-18 19:37:52+00:00,1659282172056858631,@volleyballidn Semoga setternya bawaan BJB bukan yg sea games ğŸ¤­,arihartanto19,0,0,Neutral
2023-05-18 19:36:41+00:00,1659281875670818817,"@wlfdeersh @hannagyeongs Tapi kalo pssi punya fasilitas itu kenapa engga digunakan cobağŸ¤­ gw yakin atlet yg di sudirman cup sekarang juga dapet fasilitas ok juga, atlet sea games pulang barengan juga happy, jadi sebagai fans jangan terpecah belah si, asalkan bawa nama indo mah dukung",Lia17613823,0,0,Positive
2023-05-18 19:36:11+00:00,1659281747509673985,"Start dari Kemenpora Sea Games 2023 Champions 
KONVOI JUARA, TIMNAS INDONESIA
JUMAT, 19 MEI 2023 PUKUL 08.00 WIB
Titik Kumpul 1: Bundaran HI
Titik Kumpul 2: Plaza Barat GBK
@erickthohir
@PSSI
@AryaSinulingga
#TimnasDay #TimnasDapatEmas #SEAGames2023 https://t.co/Vsb0Rar46L",UntukNetiZen,1,0,Neutral
2023-05-18 19:35:52+00:00,1659281669189414912,@cfc_yos @idextratime Lah emg iyaa sekelas sea games kan?? Minimal dehh asia dulu aja bisa kah?? Wkwkwk,Adekakjill1,0,0,Positive
2023-05-18 19:35:49+00:00,1659281654932729865,"Hari ini! Sea Games 2023 Champions 
KONVOI JUARA, TIMNAS INDONESIA
JUMAT, 19 MEI 2023 PUKUL 08.00 WIB
Titik Kumpul 1: Bundaran HI
Titik Kumpul 2: Plaza Barat GBK
@erickthohir
@PSSI
@AryaSinulingga
#TimnasDay #TimnasDapatEmas #SEAGames2023 https://t.co/w8aN7dD7Yb",UntukNetiZen,1,0,Neutral
2023-05-18 19:35:32+00:00,1659281583889608718,"Di iringi MC ternama. Sea Games 2023 Champions 
KONVOI JUARA, TIMNAS INDONESIA
JUMAT, 19 MEI 2023 PUKUL 08.00 WIB
Titik Kumpul 1: Bundaran HI
Titik Kumpul 2: Plaza Barat GBK
@erickthohir
@PSSI
@AryaSinulingga
#TimnasDay #TimnasDapatEmas #SEAGames2023 https://t.co/FNSLIRCE37",UntukNetiZen,1,0,Neutral
2023-05-18 19:35:11+00:00,1659281498137296898,"Sepakbola adalah kita Sea Games 2023 Champions 
KONVOI JUARA, TIMNAS INDONESIA
JUMAT, 19 MEI 2023 PUKUL 08.00 WIB
Titik Kumpul 1: Bundaran HI
Titik Kumpul 2: Plaza Barat GBK
@erickthohir
@PSSI
@AryaSinulingga
#TimnasDay #TimnasDapatEmas #SEAGames2023 https://t.co/utHAqtjJLf",KAUBERTANYA,1,0,Neutral
2023-05-18 19:34:58+00:00,1659281441669238784,"Gembira dan membanggakan 
Sea Games 2023 Champions 
KONVOI JUARA, TIMNAS INDONESIA
JUMAT, 19 MEI 2023 PUKUL 08.00 WIB
Titik Kumpul 1: Bundaran HI
Titik Kumpul 2: Plaza Barat GBK
@erickthohir
@PSSI
@AryaSinulingga
#TimnasDay #TimnasDapatEmas #SEAGames2023 https://t.co/vVJLBGaDXn",KAUBERTANYA,1,0,Positive
2023-05-18 19:34:37+00:00,1659281353530044420,"Dimeriahkan dgn marching band dan ada jg tari reog 
Sea Games 2023 Champions 
KONVOI JUARA, TIMNAS INDONESIA
JUMAT, 19 MEI 2023 PUKUL 08.00 WIB
Titik Kumpul 1: Bundaran HI
Titik Kumpul 2: Plaza Barat GBK
@erickthohir
@PSSI
@AryaSinulingga
#TimnasDay #TimnasDapatEmas #SEAGames2023 https://t.co/I7ZzyZsqjK",KAUBERTANYA,2,1,Neutral
2023-05-18 19:32:01+00:00,1659280699000516609,"princess ngasih jackpot buat war tiket coldplay besok pagi 

#FastX #FastX_MY #MortalKombat #MortalKombat12 #PodcastAndChill #VCTAmericas #BABYMONSTER #RORA #AHYEON #PHARITA #ROSÃ‰AtCannes2023 #SudirmanCup2023 #TimnasDay #LISA #SuzzannaJumatKliwon #PakaiMolisYuk #TAENIE #SEAGames https://t.co/KXuGGHJ9a1",officialvegasgg,0,0,Neutral
2023-05-18 19:31:47+00:00,1659280642683838466,"Timnas Indonesia U-22 Sukses Sabet Medali Emas di SEA Games 2023 .

 #Okezone #Bola #SepakBola #SepakbolaDunia #BolaDunia . https://t.co/dLwPJX8b4R",okezonenews,1,0,Positive
2023-05-18 19:30:21+00:00,1659280281679851524,"#SEAGames2023 #TimnasIndonesia #u22 #medaliemas

Tiba di Bandara Soetta, Timnas U-22 yang Raih Emas SEA Games 2023 Disambut Meriah

https://t.co/VJTFEXQggS",murianewscom,0,0,Neutral
2023-05-18 19:25:02+00:00,1659278944036691968,"@angin_palsu @humannnnnnn____ Wowwww anjir kagak terima sebagai BL dari jaman jebot diginiinğŸ˜¤, mon maap badminton kita udah juara olimpic di semua sektor, situ bola baru juara sea games aja udh sombongnya minta ampun wkwkwkğŸ™",yoopies_syifaYS,0,0,Positive
2023-05-18 19:24:25+00:00,1659278788751159296,@PortgasD_Jay @Oka99473419K @PSSI ya federasinya ga ada salah juga. krn emg udh biasa aja mrk sabet emas tiap sea games.,dixxtator,0,0,Positive
2023-05-18 19:23:04+00:00,1659278445782904832,"@TxtdariHI sumpah, gw kirain 525252 itu maksudnya hasong hasong hasong karna ha(5) song(2) dlm bhs thai. ehh trnyata buat ngenyek di sea games kmaren",arjun_baihaqy,0,0,Neutral
2023-05-18 19:22:38+00:00,1659278338803003392,"TImas U22 disambut hangat oleh masyarakat Indonesia atas pencapaian meraih medali Emas di laga SeaGames 2023 yang berlangsung di Kamboja. Congrats Timnas U22. We Love You 

#kantorbola #seagames #seagames2023 #Goldmedal #sepakbola https://t.co/svxhkkGRDe",KantorBola,1,0,Positive
2023-05-18 19:21:36+00:00,1659278079406264320,Cinta Nayomi jadikan medali SEA Games ajang belajar untuk Asian Games https://t.co/jSoQsdKdva,antaranews,0,0,Positive
2023-05-18 19:18:57+00:00,1659277411865993216,"*Ketua Umum @PSSI @erickthohir dipuji dua pengamat sepak bola karena tak banyak pencitraan saat Timnas Indonesia U-22 meraih emas SEA Games 2023.  Erick terlihat muncul di tengah-tengah pemain Indonesia U-22 sebelum laga semifinal.

https://t.co/zg5iaN63ZA",kawankitabangET,0,0,Negative
2023-05-18 19:17:06+00:00,1659276944431796224,@hannagyeongs besok besok seagames buat sepak bola harus bikin 10 turnament yh biar bisa dapet medali banyakğŸ‘¹ğŸ‘¹ğŸ‘¹ğŸ‘¹,notsarcasster,0,0,Neutral
2023-05-18 19:16:53+00:00,1659276892921364485,"@ardynshufi Untuk Indonesia, sea games saya rasa bukan termasuk turun kelas. Karena ini bisa jadi dukungan moral utk memenangkan kompetisi lain nya. Membuktikan bahwa timnas bisa menang kompetisi",GaestroOrly,18,0,Positive
2023-05-18 19:16:02+00:00,1659276678734966791,@AishaShandia @M_RaiNo1 @muslih_junior @frakounibaal_ @menyadur @ta_lao19 @MafiaWasit @SiaranBolaLive @idextratime @Box2BoxBola @FaktaSepakbola Gimana nggak di tampol sama titan (18) liat gestur provokasi gitu. Ini bukan  kali pertama thailand tengil seagames sebelumnya juga. Dan final aff abdu momen minta bola depan bench thailand malah nggak di kasih bolanya padahal posisi tertinggal 2 gol https://t.co/PU5YX0QyN3,localfootball05,0,0,Negative
2023-05-18 19:15:13+00:00,1659276472832479233,"Congrats untuk medali emas sea games untuk Timnas U-22 Indonesia, seharusnya dirayakan cukup sederhana saja dengan berdoa dan bersyukur. Malah menganggu jam kerja, menambah kemacetan, dan mengganggu lini masa sosial media saja.
cc: @PSSI Tragedi #Kanjuruhan apa kabar? Perlu kaca? https://t.co/kVJVhjwplz",octadandy,0,0,Negative
2023-05-18 19:15:06+00:00,1659276441513766912,"@hannagyeongs nah kalo ngetweet logikanya dipake ya kağŸ’€ maksud lu sepakbola disuru dpt lebih dari 1 medali gitu? gimana caranyağŸ’€ğŸ’€ğŸ’€ğŸ’€,  kan emg cuma bisanya 1 ajgğŸ’€ğŸ’€, mau yg kita kirim ke seagames real madrid,emyu,barca  juga ya cuma bisa dapet 1 emasğŸ’€ğŸ’€ 0 logicğŸ’€",notsarcasster,1,1,Positive
2023-05-18 19:13:05+00:00,1659275935764615171,@2mrzl2 @MafiaWasit Ya itu level dunia. Sepakbola sini level Sea Games aja baru kemaren menang setelah puasa brp dekade itu. Menangnya yg kelompok umur pula bukan yg senior. Heran bgt segitunya ngebela olahraga yg cuma bawa malu selama ini.,Birdmaaaaan,0,0,Positive
2023-05-18 19:10:06+00:00,1659275182866051072,BREAKING NEWS â€“ Detik-Detik Kepulangan Timnas Indonesia U-22 Usai Final Sea Games 2023 â€“ KompasTV Jember â€“ Google Berita Olahraga #ArenaFlash â€“ https://t.co/qQeqL5j1bO â€“ #Arenanews https://t.co/BEnWGal0oG,Dumidumiid,0,0,Neutral
2023-05-18 19:10:02+00:00,1659275169247158272,BREAKING NEWS â€“ Kepulangan Timnas Sepak Bola Indonesia Usai Menang di Final Sea Games 2023 â€“ KOMPASTV â€“ Google Berita Olahraga #ArenaFlash â€“ https://t.co/OvNTQr5jFd â€“ #Arenanews https://t.co/PLF8g2PVmp,Dumidumiid,0,0,Positive
2023-05-18 19:09:20+00:00,1659274990611562496,"Cuma indo doang yg abis sea games, warga nya pada ribut adu cabor, duh",paperdoll861,0,0,Neutral
2023-05-18 19:08:46+00:00,1659274850752503810,"Jangan sombong,tetap rendah hati,kita nikmati prestasi EMAS SEA GAMES TIMNAS Dengan sambut merekağŸ’ªâ˜•ğŸ‡®ğŸ‡©ğŸ‡®ğŸ‡©ğŸ‡®ğŸ‡©ğŸ‡®ğŸ‡©ğŸ‡®ğŸ‡©ğŸ‡®ğŸ‡©Indra Sjafrie Bima Sakti Kurniawan Dwi Yulianto Yeyen Tumena Ernando Rizky Ridho Marselino Witan Sulaiman Arhan Pratama Dewangga Bagas Kaffa Irfan Sananta Sroyer.AllğŸ–ï¸ https://t.co/GE5wPOeOEP",JASMERAHAntiPKI,1,0,Positive
2023-05-18 19:08:26+00:00,1659274763746033664,seharusnya ini gaperlu jd perdebatan dan ajang pamer kesukesan antar cabor. Yang ngadain arak2an itu federasi dr cabor tersebut dan mereka merayakan karena sudah menunggu selama 32 tahun setelah emas sea games tahun 1991.,fvadddd,0,0,Positive
2023-05-18 19:07:52+00:00,1659274622385233950,""" Prediksi Lyon vs Monaco 20 Mei 2023 ""

Link: https://t.co/7tBQv2f7WE
Baca Selengkapnya Â» duniaprediksiliga858,blogspot,com (ubah koma jadi Titik)

#Liga858 #bolabetterpercaya #FrenchLigue1 #Lyon #Monaco #agenjudibola #bolaparlay #SeaGames https://t.co/8XxEpNxT8E",Liga8583,0,0,Positive
2023-05-18 19:05:12+00:00,1659273949790838803,baru sadar sea games 2022 waktu itu gue lagi ikutan nginep sama keluarga temen gue terus papanya nyetir ga fokus soalnya sambil nonton,aglaeeaa,0,0,Neutral
2023-05-18 19:03:07+00:00,1659273428283662370,"@PSSI Norak banget cuma SEA Games sampe segitunya pakek diarak"". Alangkah baiknya perayaannya jg ga usah berlebihan gitu, posisikan sama rata sama cabor lain jg yg sama"" berprestasi di SEA Games tahun ini ğŸ™",littlegamboll,0,0,Positive
2023-05-18 19:02:08+00:00,1659273179620343814,"@okkotsufrann ini tuh ceritanya pake ikut"" sea games ğŸ˜­ğŸ˜­",sweetycalla,0,0,Neutral
2023-05-18 19:01:34+00:00,1659273035835387904,"Raih Emas SEA Games 2023, Ibunda Gelandang Timnas Indonesia U-22 Ananda Raehan Teteskan Air Mata https://t.co/DFRBDEAoS6",tvOneNews,9,2,Positive
2023-05-18 19:00:00+00:00,1659272643667795968,"PSSI gelar pawai buat merayakan keberhasilan timnas U-22 meraih medali emas SEA Games 2023, namun tidak semua pihak setuju dengan keputusan itu.

Perlukah pawai timnas?

#PSSI #SEAGames2023 #IndonesiaU22

https://t.co/pnmVpEj5rs",GOAL_ID,66,2,Negative
2023-05-18 18:59:16+00:00,1659272458325876744,"Kasian... karena sering gak juara apapun, sampai juara sea games aja perlu diarak. ğŸ«£",al___barr24,3,0,Negative
2023-05-18 18:59:08+00:00,1659272423349587968,"@tanastars @idextratime Juara 1 sea games sepakbola lebih susah ketimbang juara dunia bulu tangkis. 

Sepakbola, 11 negara asean pada serius
Bulu tangkis, yg serius cuma 8 negara dari seluruh dunia

Ibarat juara futsal antar RW lebih berharga daripada juara dunia lomba pindahin gundu pake sendok",CFC_Jak,0,0,Negative
2023-05-18 18:57:36+00:00,1659272037003845632,"Kaka ipar baru balik dr Kamboja (abis sea games) belum landing kali ya di Soetta terus besok berangkat lagi ke Sg naik sq dihh gaya bgt ğŸ¥¹

Meanwhile w sama istrinya naik airasi*ğŸ˜©",depmagala,0,0,Neutral
2023-05-18 18:51:57+00:00,1659270614929088535,"@kevinrps20 @sintasnap Krn lg bahas Sea Games ya bener dong gini. Multievent kan bukan sepakbola doang, jd bandinginnya SEA Games, Asian Games, sama Olympics. Kalo bola doang ya baru AFF, Asian Cup sama World Cup.",Txtfromvangogh,2,0,Positive
2023-05-18 18:50:13+00:00,1659270180814614528,"@usernameikan @Hari_shevchenko @idextratime Bukan mengkerdilkan badminton ya, tapi keselnya indo dapet emas di sea games dikatain bangga amat cuma level sea games, sementara mereka juara olimpiade (level dunia) biasa aja. Secara jumlah peserta dan peminat aja beda jauh. Juara dunia dari 8 negara yg hobi, udah sombong ğŸ˜‚",CFC_Jak,0,0,Positive
2023-05-18 18:50:05+00:00,1659270148908519430,"Timnas Indonesia U-22 Raih Emas SEA Games 2023, Luis Milla Ikut Senang: Bagus! https://t.co/ejUQUGZQIk",BintangJersey,0,0,Positive
2023-05-18 18:49:16+00:00,1659269943547039744,"@vioUul @tasyaasyii Bisa dibilang overselebrasi, tpi y gmn ya sepakbola itu olahraga pling bnyk diminati di indo + jarang juara, sedih emng klo jdi fans bola mah, makanya sekali juara walaupun sea games senengnya bukan maen",Scyeast,0,0,Negative
2023-05-18 18:49:03+00:00,1659269888744251392,"Timnas Indonesia U-22 Raih Emas SEA Games 2023, Luis Milla Ikut Senang: Bagus! https://t.co/JqVizNdVaE",Bolanet,7,0,Positive
2023-05-18 18:46:37+00:00,1659269275201445888,"pantes dikasih prestasi seret, baru ngerasa megang medali emas sea games aja sombongnya udah kayak ngangkat piala dunia.",mingurivv,0,0,Negative
2023-05-18 18:45:52+00:00,1659269084243197953,"@dumbleyork @KEMENPORA_RI Wajar sih, jarang juara soalnya, lebih sering kalah, padahal latihan tiap hari. Tp 1 medali emas sepak bola gak berpengaruh ke posisi akhir Indonesia di sea games kali ini. Jadi gk udah merasa spesial ya. ğŸ¤ªğŸ¤£",Sesendirian01,12,0,Positive
2023-05-18 18:43:38+00:00,1659268525117308929,@PSSI U22 sea games doang anying berasa emas olimpiade... Malu2in ğŸ¤£,KaelTommm,1,1,Neutral
2023-05-18 18:41:56+00:00,1659268095100485632,hukum rajam makanya dilanrang dalam islam muka pucat tersumbat bola. tinggi semut lagi dari ular dan dari kepadamu. ada.makhluk.allah kecil jutanya juara rakyat (jujur) lomba lari mana bisa kalah prend mana ada olimpiade sea games.porot.dimata dunia. https://t.co/SbqvkSouYP,gogglenote,0,0,Negative
2023-05-18 18:39:56+00:00,1659267591406518272,"that ""baru ngerasa megang medali emas sea games aja"" ğŸ™‚ ga abis pikir, dikira atletÂ²nya tuh cuma rebahan doang tibaÂ² dpt emas kali yakğŸ™‚ jelek banget hatinya.",Bubukpiksi,0,0,Negative
2023-05-18 18:39:50+00:00,1659267569231220736,@Ewin_rambeee @peopgreat @sepionsupra @stefanyvonne Thailand menang sea games maksud gue. Sedangkan korea yg tembus pildun,zykmuu,1,0,Positive
2023-05-18 18:39:19+00:00,1659267438322814976,"@angin_palsu @humannnnnnn____ lah emg beda level, paling banter dpt emas di sea games itu jg nunggu puluhan taun. ckck,",yeahdamnhell,2,0,Positive
